{
    "customers": [
      {
        "id": 7464,
        "name": "bhkbh",
        "email": "gvik@guj",
        "phone": 7863784856
      },
      {
        "id": 78998,
        "name": "adyjhgsadsjahd",
        "email": "rsbdnbhxbr@capgemini.com",
        "phone": 9630258741
      },
      {
        "id": 57658,
        "name": "sehbsrf",
        "email": "sedhg@age",
        "phone": 1321425364
      },
      {
        "id": 33,
        "name": "sdrghbrd",
        "email": "rhbd@dnhbtg",
        "phone": 7894561231
      },
      {
        "id": 84,
        "name": "bhkbh",
        "email": "rsbdnbhxbr@capgemini.com",
        "phone": 7894561323
      }
    ]
  }